mouse,area,area_n,cell_type,area_ct_n,area_ct_n_pctile
VG56,VISp,14206,exc,13555,1356
VG56,VISp,14206,inh,651,66
VG56,VISpm,1585,exc,1499,150
VG56,VISpm,1585,inh,86,9
VG56,VISam,865,exc,803,81
VG56,VISam,865,inh,62,7
VG56,VISmmp,836,exc,763,77
VG56,VISmmp,836,inh,73,8
VG56,RSC,2019,exc,1877,188
VG56,RSC,2019,inh,142,15
VG56,VISrl,3083,exc,2955,296
VG56,VISrl,3083,inh,128,13
VG56,VISrll,550,exc,519,52
VG56,VISrll,550,inh,31,4
VG56,VISlm,1595,exc,1514,152
VG56,VISlm,1595,inh,81,9
VG56,VISal,1026,exc,965,97
VG56,VISal,1026,inh,61,7
VG56,VISlla,658,exc,625,63
VG56,VISlla,658,inh,33,4
VG58,VISp,10779,exc,10278,1028
VG58,VISp,10779,inh,501,51
VG58,VISpm,937,exc,885,89
VG58,VISpm,937,inh,52,6
VG58,VISam,605,exc,549,55
VG58,VISam,605,inh,56,6
VG58,VISmmp,94,exc,87,9
VG58,VISmmp,94,inh,7,1
VG58,RSC,2582,exc,2442,245
VG58,RSC,2582,inh,140,14
VG58,VISrl,1936,exc,1834,184
VG58,VISrl,1936,inh,102,11
VG58,VISrll,33,exc,33,4
VG58,VISrll,33,inh,0,0
VG58,VISlm,943,exc,895,90
VG58,VISlm,943,inh,48,5
VG58,VISal,552,exc,523,53
VG58,VISal,552,inh,29,3
VG58,VISlla,46,exc,41,5
VG58,VISlla,46,inh,5,1
VG59,VISp,7178,exc,6931,693
VG59,VISp,7178,inh,247,25
VG59,VISpm,1126,exc,1061,107
VG59,VISpm,1126,inh,65,7
VG59,VISam,254,exc,243,25
VG59,VISam,254,inh,11,2
VG59,VISmmp,105,exc,99,10
VG59,VISmmp,105,inh,6,1
VG59,RSC,2064,exc,1959,196
VG59,RSC,2064,inh,105,11
VG59,VISrl,1313,exc,1250,125
VG59,VISrl,1313,inh,63,7
VG59,VISrll,70,exc,69,7
VG59,VISrll,70,inh,1,1
VG59,VISlm,1280,exc,1223,123
VG59,VISlm,1280,inh,57,6
VG59,VISal,365,exc,336,34
VG59,VISal,365,inh,29,3
VG59,VISlla,18,exc,18,2
VG59,VISlla,18,inh,0,0
VG70,VISp,8916,exc,8350,835
VG70,VISp,8916,inh,566,57
VG70,VISpm,1039,exc,964,97
VG70,VISpm,1039,inh,75,8
VG70,VISam,268,exc,259,26
VG70,VISam,268,inh,9,1
VG70,VISmmp,47,exc,47,5
VG70,VISmmp,47,inh,0,0
VG70,RSC,2804,exc,2742,275
VG70,RSC,2804,inh,62,7
VG70,VISrl,533,exc,481,48
VG70,VISrl,533,inh,52,6
VG70,VISrll,490,exc,453,46
VG70,VISrll,490,inh,37,4
VG70,VISlm,1321,exc,1236,124
VG70,VISlm,1321,inh,85,9
VG70,VISal,662,exc,617,62
VG70,VISal,662,inh,45,5
VG70,VISlla,705,exc,642,65
VG70,VISlla,705,inh,63,7
VG69,VISp,13816,exc,13051,1305
VG69,VISp,13816,inh,765,77
VG69,VISpm,2787,exc,2619,262
VG69,VISpm,2787,inh,168,17
VG69,VISam,1331,exc,1281,129
VG69,VISam,1331,inh,50,5
VG69,VISmmp,570,exc,546,55
VG69,VISmmp,570,inh,24,3
VG69,RSC,4577,exc,4321,433
VG69,RSC,4577,inh,256,26
VG69,VISrl,4594,exc,4350,435
VG69,VISrl,4594,inh,244,25
VG69,VISrll,676,exc,638,64
VG69,VISrll,676,inh,38,4
VG69,VISlm,1640,exc,1542,155
VG69,VISlm,1640,inh,98,10
VG69,VISal,962,exc,917,92
VG69,VISal,962,inh,45,5
VG69,VISlla,680,exc,634,64
VG69,VISlla,680,inh,46,5
VG66,VISp,6210,exc,5887,590
VG66,VISp,6210,inh,323,33
VG66,VISpm,1391,exc,1328,133
VG66,VISpm,1391,inh,63,7
VG66,VISam,682,exc,647,65
VG66,VISam,682,inh,35,4
VG66,VISmmp,542,exc,515,52
VG66,VISmmp,542,inh,27,3
VG66,RSC,3857,exc,3630,363
VG66,RSC,3857,inh,227,23
VG66,VISrl,2036,exc,1943,195
VG66,VISrl,2036,inh,93,10
VG66,VISrll,429,exc,408,41
VG66,VISrll,429,inh,21,3
VG66,VISlm,193,exc,183,19
VG66,VISlm,193,inh,10,1
VG66,VISal,397,exc,376,38
VG66,VISal,397,inh,21,3
VG66,VISlla,271,exc,254,26
VG66,VISlla,271,inh,17,2
VG64,VISp,18904,exc,17731,1773
VG64,VISp,18904,inh,1173,118
VG64,VISpm,1696,exc,1607,161
VG64,VISpm,1696,inh,89,9
VG64,VISam,919,exc,868,87
VG64,VISam,919,inh,51,6
VG64,VISmmp,1075,exc,1016,102
VG64,VISmmp,1075,inh,59,6
VG64,RSC,4666,exc,4410,441
VG64,RSC,4666,inh,256,26
VG64,VISrl,5337,exc,4968,497
VG64,VISrl,5337,inh,369,37
VG64,VISrll,1042,exc,933,94
VG64,VISrll,1042,inh,109,11
VG64,VISlm,2277,exc,2127,213
VG64,VISlm,2277,inh,150,15
VG64,VISal,1179,exc,1069,107
VG64,VISal,1179,inh,110,11
VG64,VISlla,1783,exc,1624,163
VG64,VISlla,1783,inh,159,16
VG63,VISp,5410,exc,5188,519
VG63,VISp,5410,inh,222,23
VG63,VISpm,2191,exc,2054,206
VG63,VISpm,2191,inh,137,14
VG63,VISam,949,exc,874,88
VG63,VISam,949,inh,75,8
VG63,VISmmp,756,exc,688,69
VG63,VISmmp,756,inh,68,7
VG63,RSC,4662,exc,4237,424
VG63,RSC,4662,inh,425,43
VG63,VISrl,4825,exc,4566,457
VG63,VISrl,4825,inh,259,26
VG63,VISrll,1084,exc,1011,102
VG63,VISrll,1084,inh,73,8
VG63,VISlm,872,exc,835,84
VG63,VISlm,872,inh,37,4
VG63,VISal,828,exc,790,79
VG63,VISal,828,inh,38,4
VG63,VISlla,493,exc,476,48
VG63,VISlla,493,inh,17,2
